source, target
172.17.0.1,172.17.50.117
172.17.0.1,172.17.90.43
172.17.0.1,172.17.43.75
172.17.0.1,172.17.222.234
172.17.0.1,172.17.220.214
172.17.0.1,172.17.220.214
172.17.0.1,172.17.220.214
172.17.0.1,172.17.220.214
172.17.0.1,172.17.90.43
172.17.0.1,172.17.89.184
172.17.0.1,172.17.90.43
172.17.0.1,172.17.89.184
172.17.0.1,172.17.83.159
172.17.0.1,172.17.89.184
172.17.0.1,172.17.90.43
172.17.0.1,172.17.42.41
172.17.0.1,172.17.220.214
172.17.0.1,172.17.164.249
172.17.0.1,172.17.220.214
172.17.0.1,172.17.43.75
172.17.0.1,172.17.90.43
172.17.0.1,172.17.90.43
172.17.0.1,172.17.218.250
172.17.0.1,172.17.89.184
172.17.0.1,172.17.90.43
172.17.0.1,172.17.182.190
172.17.0.1,172.17.89.184
172.17.0.1,172.17.50.117
172.17.0.1,172.17.220.214
172.17.0.1,172.17.220.214
172.17.0.1,172.17.112.29
172.17.0.1,172.17.218.250
172.17.0.1,172.17.218.250
172.17.0.1,172.17.89.184
172.17.0.1,172.17.42.41
172.17.0.1,172.17.219.8
172.17.0.1,172.17.218.250
172.17.0.1,172.17.89.184
172.17.0.1,172.17.42.41
172.17.0.1,172.17.50.117
172.17.0.1,172.17.42.41
172.17.0.1,172.17.219.8
172.17.0.1,172.17.220.214
172.17.0.1,172.17.218.250
172.17.0.1,172.17.219.8
172.17.0.1,172.17.220.214
172.17.0.1,172.17.219.8
172.17.0.1,172.17.42.41
172.17.0.1,172.17.219.8
172.17.0.1,172.17.90.43
172.17.0.1,172.17.220.214
172.17.0.1,172.17.219.8
172.17.0.1,172.17.218.250
172.17.0.1,172.17.83.159
172.17.0.1,172.17.220.143
172.17.0.1,172.17.218.250
172.17.0.1,172.17.220.143
172.17.0.1,172.17.42.41
172.17.0.1,172.17.219.8
172.17.0.1,172.17.42.41
172.17.0.1,172.17.218.250
172.17.0.1,172.17.219.8
172.17.0.1,172.17.218.250
172.17.0.1,172.17.219.8
172.17.0.1,172.17.219.8
172.17.0.1,172.17.166.191
172.17.0.1,172.17.218.250
172.17.0.1,172.17.219.8
172.17.0.1,172.17.219.8
172.17.0.1,172.17.166.191
172.17.0.1,172.17.105.167
172.17.0.1,172.17.90.43
172.17.0.1,172.17.219.8
172.17.0.1,172.17.218.250
172.17.0.1,172.17.90.43
172.17.0.1,172.17.220.143
172.17.0.1,172.17.218.250
172.17.0.1,172.17.223.25
172.17.0.1,172.17.218.250
172.17.0.1,172.17.220.214
172.17.0.1,172.17.218.250
172.17.0.1,172.17.90.43
172.17.0.1,172.17.218.250
172.17.0.1,172.17.219.8
172.17.0.1,172.17.218.250
172.17.0.1,172.17.219.8
172.17.0.1,172.17.218.250
172.17.0.1,172.17.218.250
172.17.0.1,172.17.17.241
172.17.0.1,172.17.218.250
172.17.0.1,172.17.219.129
172.17.0.1,172.17.218.250
172.17.0.1,172.17.218.250
172.17.0.1,172.17.220.214
172.17.0.1,172.17.219.129
172.17.0.1,172.17.219.115
172.17.0.1,172.17.219.115
172.17.0.1,172.17.219.129
172.17.0.1,172.17.220.214
172.17.0.1,172.17.219.129
172.17.90.43,172.17.0.1
172.17.0.1,172.17.43.75
172.17.0.1,172.17.17.241
172.17.0.1,172.17.17.241
172.17.0.1,172.17.164.249
172.17.0.1,172.17.164.249
172.17.0.1,172.17.90.43
172.17.0.1,172.17.17.241
172.17.0.1,172.17.164.249
172.17.0.1,172.17.90.43
172.17.0.1,172.17.164.249
172.17.0.1,172.17.164.249
172.17.0.1,172.17.17.241
172.17.0.1,172.17.103.173
172.17.0.1,172.17.17.241
172.17.0.1,172.17.103.173
172.17.0.1,172.17.4.168
172.17.0.1,172.17.103.173
172.17.0.1,172.17.4.168
172.17.0.1,172.17.10.121
172.17.0.1,172.17.4.168
172.17.0.1,172.17.10.121
172.17.0.1,172.17.90.220
172.17.0.1,172.17.90.220
172.17.0.1,172.17.90.220
172.17.0.1,172.17.222.234
172.17.0.1,172.17.222.234
172.17.0.1,172.17.90.220
172.17.0.1,172.17.222.234
172.17.0.1,172.17.222.234
172.17.0.1,172.17.222.234
172.17.0.1,172.17.222.234
172.17.0.1,172.17.222.234
172.17.0.1,172.17.222.234
172.17.0.1,172.17.222.234
172.17.0.1,172.17.222.234
172.17.0.1,172.17.17.241
172.17.0.1,172.17.222.234
172.17.0.1,172.17.222.234
172.17.0.1,172.17.222.234
172.17.0.1,172.17.90.43
172.17.0.1,172.17.222.234
172.17.0.1,172.17.222.234
172.17.0.1,172.17.219.115
172.17.0.1,172.17.17.241
172.17.0.1,172.17.105.167
172.17.0.1,172.17.222.234
172.17.0.1,172.17.223.113
172.17.0.1,172.17.223.113
172.17.0.1,172.17.223.113
172.17.0.1,172.17.223.38
172.17.0.1,172.17.90.43
172.17.0.1,172.17.105.167
172.17.0.1,172.17.43.75
172.17.0.1,172.17.222.234
172.17.0.1,172.17.90.220
172.17.0.1,172.17.182.190
172.17.0.1,172.17.222.234
172.17.0.1,172.17.90.220
172.17.0.1,172.17.182.190
172.17.0.1,172.17.17.241
172.17.0.1,172.17.222.234
172.17.0.1,172.17.90.220
172.17.0.1,172.17.182.190
172.17.0.1,172.17.220.214
172.17.0.1,172.17.222.234
172.17.0.1,172.17.17.241
172.17.0.1,172.17.223.38
172.17.0.1,172.17.220.214
172.17.0.1,172.17.222.234
172.17.0.1,172.17.218.250
172.17.0.1,172.17.105.167
172.17.0.1,172.17.90.220
172.17.0.1,172.17.223.38
172.17.0.1,172.17.220.214
172.17.0.1,172.17.222.234
172.17.0.1,172.17.105.167
172.17.0.1,172.17.90.220
172.17.0.1,172.17.223.38
172.17.0.1,172.17.105.167
172.17.0.1,172.17.90.220
172.17.0.1,172.17.222.234
172.17.0.1,172.17.17.241
172.17.0.1,172.17.222.234
172.17.0.1,172.17.90.220
172.17.0.1,172.17.17.241
172.17.0.1,172.17.90.220
172.17.0.1,172.17.222.234
172.17.0.1,172.17.218.250
172.17.0.1,172.17.182.190
172.17.0.1,172.17.90.220
172.17.0.1,172.17.222.234
172.17.0.1,172.17.218.250
172.17.0.1,172.17.223.38
172.17.0.1,172.17.182.190
172.17.0.1,172.17.223.38
172.17.0.1,172.17.182.190
172.17.0.1,172.17.17.241
172.17.0.1,172.17.90.220
172.17.0.1,172.17.222.234
172.17.0.1,172.17.223.38
172.17.0.1,172.17.222.234
172.17.0.1,172.17.17.241
172.17.0.1,172.17.90.220
172.17.0.1,172.17.222.234
172.17.0.1,172.17.219.129
172.17.0.1,172.17.90.220
172.17.0.1,172.17.219.129
172.17.0.1,172.17.90.220
172.17.0.1,172.17.222.234
172.17.0.1,172.17.17.241
172.17.0.1,172.17.218.250
172.17.0.1,172.17.17.241
172.17.0.1,172.17.222.234
172.17.0.1,172.17.218.250
172.17.0.1,172.17.90.220
172.17.0.1,172.17.17.241
172.17.0.1,172.17.182.190
172.17.0.1,172.17.222.234
172.17.0.1,172.17.218.250
172.17.0.1,172.17.164.249
172.17.0.1,172.17.182.190
172.17.0.1,172.17.222.234
172.17.0.1,172.17.90.220
172.17.0.1,172.17.219.67
172.17.0.1,172.17.164.249
172.17.0.1,172.17.182.190
172.17.0.1,172.17.222.234
172.17.0.1,172.17.17.241
172.17.0.1,172.17.220.214
172.17.0.1,172.17.164.249
172.17.0.1,172.17.219.67
172.17.0.1,172.17.222.234
172.17.0.1,172.17.17.241
172.17.0.1,172.17.220.214
172.17.0.1,172.17.219.67
172.17.0.1,172.17.222.234
172.17.0.1,172.17.17.241
172.17.0.1,172.17.220.214
172.17.0.1,172.17.90.220
172.17.0.1,172.17.219.67
172.17.0.1,172.17.222.234
172.17.0.1,172.17.90.220
172.17.0.1,172.17.222.234
172.17.0.1,172.17.223.38
172.17.0.1,172.17.17.241
172.17.0.1,172.17.218.250
172.17.0.1,172.17.90.220
172.17.0.1,172.17.17.241
172.17.0.1,172.17.222.234
172.17.0.1,172.17.90.220
172.17.0.1,172.17.223.38
172.17.0.1,172.17.222.234
172.17.0.1,172.17.223.38
172.17.0.1,172.17.222.234
172.17.0.1,172.17.219.67
172.17.0.1,172.17.164.249
172.17.0.1,172.17.105.167
172.17.0.1,172.17.219.67
172.17.0.1,172.17.222.234
172.17.0.1,172.17.90.220
172.17.0.1,172.17.17.241
172.17.0.1,172.17.105.167
172.17.0.1,172.17.219.67
172.17.0.1,172.17.222.234
172.17.0.1,172.17.90.220
172.17.0.1,172.17.17.241
172.17.0.1,172.17.218.250
172.17.0.1,172.17.105.167
172.17.0.1,172.17.222.234
172.17.0.1,172.17.90.220
172.17.0.1,172.17.17.241
172.17.0.1,172.17.218.250
172.17.0.1,172.17.223.38
172.17.0.1,172.17.218.250
172.17.0.1,172.17.90.43
172.17.0.1,172.17.17.241
172.17.0.1,172.17.164.249
172.17.0.1,172.17.223.38
172.17.0.1,172.17.17.241
172.17.0.1,172.17.105.167
172.17.0.1,172.17.90.227
172.17.0.1,172.17.148.247
172.17.0.1,172.17.223.38
172.17.0.1,172.17.164.249
172.17.0.1,172.17.17.241
172.17.0.1,172.17.105.167
172.17.0.1,172.17.90.227
172.17.0.1,172.17.219.129
172.17.0.1,172.17.148.247
172.17.0.1,172.17.223.38
172.17.0.1,172.17.164.249
172.17.0.1,172.17.201.202
172.17.0.1,172.17.17.241
172.17.0.1,172.17.219.129
172.17.0.1,172.17.148.247
172.17.0.1,172.17.164.249
172.17.0.1,172.17.201.202
172.17.0.1,172.17.17.241
172.17.0.1,172.17.223.38
172.17.0.1,172.17.219.129
172.17.0.1,172.17.201.202
172.17.0.1,172.17.17.241
172.17.0.1,172.17.105.167
172.17.0.1,172.17.201.202
172.17.0.1,172.17.201.202
172.17.0.1,172.17.90.43
172.17.0.1,172.17.201.202
172.17.0.1,172.17.201.202
172.17.0.1,172.17.201.202
172.17.0.1,172.17.201.202
172.17.0.1,172.17.201.202
172.17.0.1,172.17.201.202
172.17.0.1,172.17.201.202
172.17.0.1,172.17.201.202
172.17.0.1,172.17.201.202
172.17.0.1,172.17.201.202
172.17.0.1,172.17.201.202
172.17.0.1,172.17.201.202
172.17.0.1,172.17.90.43
172.17.0.1,172.17.201.202
172.17.0.1,172.17.201.202
172.17.0.1,172.17.201.202
172.17.0.1,172.17.201.202
172.17.0.1,172.17.201.202
172.17.0.1,172.17.201.202
172.17.0.1,172.17.201.202
172.17.0.1,172.17.201.202
172.17.90.43,172.17.0.1
172.17.90.43,172.17.0.1
172.17.90.43,172.17.0.1
172.17.90.43,172.17.0.1
172.17.90.43,172.17.0.1
172.17.0.1,172.17.96.190
172.17.0.1,172.17.90.43
172.17.0.1,172.17.55.204
172.17.0.1,172.17.96.190
172.17.0.1,172.17.96.190
172.17.0.1,172.17.96.190
172.17.0.1,172.17.55.204
172.17.0.1,172.17.30.95
172.17.0.1,172.17.96.190
172.17.0.1,172.17.30.95
172.17.0.1,172.17.96.190
172.17.0.1,172.17.30.95
172.17.0.1,172.17.96.190
172.17.0.1,172.17.96.190
172.17.0.1,172.17.90.43
172.17.0.1,172.17.124.118
172.17.0.1,172.17.124.118
172.17.0.1,172.17.124.118
172.17.0.1,172.17.54.221
172.17.0.1,172.17.96.190
172.17.0.1,172.17.55.204
172.17.0.1,172.17.55.204
172.17.0.1,172.17.96.190
172.17.0.1,172.17.96.190
172.17.0.1,172.17.96.190
172.17.0.1,172.17.30.95
172.17.0.1,172.17.96.190
172.17.0.1,172.17.55.204
172.17.0.1,172.17.30.95
172.17.0.1,172.17.96.190
172.17.0.1,172.17.55.204
172.17.0.1,172.17.30.95
172.17.0.1,172.17.54.221
172.17.0.1,172.17.55.204
172.17.0.1,172.17.54.221
172.17.0.1,172.17.96.190
172.17.0.1,172.17.55.204
172.17.0.1,172.17.55.204
172.17.0.1,172.17.55.204
172.17.0.1,172.17.220.3
172.17.0.1,172.17.220.3
172.17.0.1,172.17.96.190
172.17.0.1,172.17.220.3
172.17.0.1,172.17.96.190
172.17.0.1,172.17.55.204
172.17.90.43,172.17.0.1
172.17.0.1,172.17.79.203
172.17.0.1,172.17.118.178
172.17.0.1,172.17.72.31
172.17.0.1,172.17.88.248
172.17.0.1,172.17.88.248
172.17.0.1,172.17.164.249
172.17.0.1,172.17.118.178
172.17.0.1,172.17.72.31
172.17.0.1,172.17.164.249
172.17.0.1,172.17.164.249
172.17.0.1,172.17.118.178
172.17.0.1,172.17.72.31
172.17.0.1,172.17.79.203
172.17.0.1,172.17.118.178
172.17.0.1,172.17.79.203
172.17.0.1,172.17.72.31
172.17.0.1,172.17.118.178
172.17.0.1,172.17.72.31
172.17.0.1,172.17.79.203
172.17.0.1,172.17.219.129
172.17.0.1,172.17.118.178
172.17.0.1,172.17.118.178
172.17.0.1,172.17.79.203
172.17.0.1,172.17.118.178
172.17.0.1,172.17.79.203
172.17.0.1,172.17.79.203
172.17.0.1,172.17.90.43
172.17.0.1,172.17.90.43
172.17.0.1,172.17.88.185
172.17.0.1,172.17.88.185
172.17.0.1,172.17.88.185
172.17.0.1,172.17.220.143
172.17.0.1,172.17.220.143
172.17.0.1,172.17.142.160
172.17.0.1,172.17.220.143
172.17.0.1,172.17.166.191
172.17.0.1,172.17.220.143
172.17.0.1,172.17.164.249
172.17.0.1,172.17.220.143
172.17.0.1,172.17.164.249
172.17.0.1,172.17.79.203
172.17.0.1,172.17.166.191
172.17.0.1,172.17.164.249
172.17.0.1,172.17.201.202
172.17.0.1,172.17.79.203
172.17.0.1,172.17.166.191
172.17.0.1,172.17.164.249
172.17.0.1,172.17.201.202
172.17.0.1,172.17.79.203
172.17.0.1,172.17.72.31
172.17.0.1,172.17.164.249
172.17.0.1,172.17.201.202
172.17.0.1,172.17.72.31
172.17.0.1,172.17.79.203
172.17.0.1,172.17.164.249
172.17.0.1,172.17.72.31
172.17.0.1,172.17.79.203
172.17.0.1,172.17.164.249
172.17.0.1,172.17.164.249
172.17.0.1,172.17.164.249
172.17.0.1,172.17.164.249
172.17.0.1,172.17.164.249
172.17.0.1,172.17.72.31
172.17.0.1,172.17.118.178
172.17.0.1,172.17.166.191
172.17.0.1,172.17.79.203
172.17.0.1,172.17.72.31
172.17.0.1,172.17.79.203
172.17.0.1,172.17.72.31
172.17.0.1,172.17.118.178
172.17.0.1,172.17.166.191
172.17.0.1,172.17.164.249
172.17.0.1,172.17.118.178
172.17.0.1,172.17.166.191
172.17.0.1,172.17.118.178
172.17.0.1,172.17.166.191
172.17.0.1,172.17.72.31
172.17.0.1,172.17.219.67
172.17.0.1,172.17.164.249
172.17.0.1,172.17.219.67
172.17.0.1,172.17.118.178
172.17.0.1,172.17.164.249
172.17.0.1,172.17.166.191
172.17.0.1,172.17.219.67
172.17.0.1,172.17.118.178
172.17.0.1,172.17.166.191
172.17.0.1,172.17.164.249
172.17.0.1,172.17.72.31
172.17.0.1,172.17.118.178
172.17.0.1,172.17.166.191
172.17.0.1,172.17.164.249
172.17.0.1,172.17.72.31
172.17.0.1,172.17.118.178
172.17.0.1,172.17.166.191
172.17.0.1,172.17.118.178
172.17.0.1,172.17.166.191
172.17.0.1,172.17.219.67
172.17.0.1,172.17.164.249
172.17.0.1,172.17.219.67
172.17.0.1,172.17.79.203
172.17.0.1,172.17.118.178
172.17.0.1,172.17.164.249
172.17.0.1,172.17.88.197
172.17.0.1,172.17.219.67
172.17.0.1,172.17.90.43
172.17.0.1,172.17.79.203
172.17.0.1,172.17.118.178
172.17.0.1,172.17.164.249
172.17.0.1,172.17.166.191
172.17.0.1,172.17.79.203
172.17.0.1,172.17.118.178
172.17.0.1,172.17.166.191
172.17.0.1,172.17.166.191
172.17.0.1,172.17.118.178
172.17.0.1,172.17.79.203
172.17.0.1,172.17.88.197
172.17.0.1,172.17.118.178
172.17.0.1,172.17.164.249
172.17.0.1,172.17.88.197
172.17.0.1,172.17.118.178
172.17.0.1,172.17.166.191
172.17.0.1,172.17.219.67
172.17.0.1,172.17.88.197
172.17.0.1,172.17.72.31
172.17.0.1,172.17.166.191
172.17.0.1,172.17.118.178
172.17.0.1,172.17.219.67
172.17.0.1,172.17.166.191
172.17.0.1,172.17.118.178
172.17.0.1,172.17.219.67
172.17.0.1,172.17.70.124
172.17.0.1,172.17.118.178
172.17.0.1,172.17.70.124
172.17.0.1,172.17.164.249
172.17.0.1,172.17.164.249
172.17.0.1,172.17.166.191
172.17.0.1,172.17.118.178
172.17.0.1,172.17.220.143
172.17.0.1,172.17.72.31
172.17.0.1,172.17.164.249
172.17.0.1,172.17.166.191
172.17.0.1,172.17.118.178
172.17.0.1,172.17.220.143
172.17.0.1,172.17.79.203
172.17.0.1,172.17.72.31
172.17.0.1,172.17.70.124
172.17.0.1,172.17.88.197
172.17.0.1,172.17.220.143
172.17.0.1,172.17.79.203
172.17.0.1,172.17.118.178
172.17.0.1,172.17.72.31
172.17.0.1,172.17.70.124
172.17.0.1,172.17.88.197
172.17.0.1,172.17.79.203
172.17.0.1,172.17.118.178
172.17.0.1,172.17.70.124
172.17.0.1,172.17.0.112
172.17.0.1,172.17.88.197
172.17.0.1,172.17.70.124
172.17.0.1,172.17.0.112
172.17.0.1,172.17.70.124
172.17.0.1,172.17.164.249
172.17.0.1,172.17.88.197
172.17.0.1,172.17.79.203
172.17.0.1,172.17.164.249
172.17.0.1,172.17.0.112
172.17.0.1,172.17.79.203
172.17.0.1,172.17.88.197
172.17.0.1,172.17.88.185
172.17.0.1,172.17.70.124
172.17.0.1,172.17.0.112
172.17.0.1,172.17.79.203
172.17.0.1,172.17.88.197
172.17.0.1,172.17.88.185
172.17.0.1,172.17.70.124
172.17.0.1,172.17.89.184
172.17.0.1,172.17.0.112
172.17.0.1,172.17.88.197
172.17.0.1,172.17.88.185
172.17.0.1,172.17.70.124
172.17.0.1,172.17.89.184
172.17.0.1,172.17.0.112
172.17.0.1,172.17.166.191
172.17.0.1,172.17.118.178
172.17.0.1,172.17.164.249
172.17.0.1,172.17.0.112
172.17.0.1,172.17.164.249
172.17.0.1,172.17.79.203
172.17.0.1,172.17.88.197
172.17.0.1,172.17.0.112
172.17.0.1,172.17.118.178
172.17.0.1,172.17.164.249
172.17.0.1,172.17.79.203
172.17.0.1,172.17.118.178
172.17.0.1,172.17.166.191
172.17.0.1,172.17.118.178
172.17.0.1,172.17.166.191
172.17.0.1,172.17.118.178
172.17.0.1,172.17.70.124
172.17.0.1,172.17.164.249
172.17.0.1,172.17.166.191
172.17.0.1,172.17.70.124
172.17.0.1,172.17.166.191
172.17.0.1,172.17.88.197
172.17.0.1,172.17.118.178
172.17.0.1,172.17.70.124
172.17.0.1,172.17.79.203
172.17.0.1,172.17.166.191
172.17.0.1,172.17.88.197
172.17.0.1,172.17.118.178
172.17.0.1,172.17.79.203
172.17.0.1,172.17.118.178
172.17.0.1,172.17.166.191
172.17.0.1,172.17.79.203
172.17.0.1,172.17.118.178
172.17.0.1,172.17.70.124
172.17.0.1,172.17.90.43
172.17.0.1,172.17.166.191
172.17.0.1,172.17.118.178
172.17.0.1,172.17.72.31
172.17.0.1,172.17.118.178
172.17.0.1,172.17.72.31
172.17.0.1,172.17.164.249
172.17.0.1,172.17.72.31
172.17.0.1,172.17.79.203
172.17.0.1,172.17.89.184
172.17.0.1,172.17.164.249
172.17.0.1,172.17.72.31
172.17.0.1,172.17.79.203
172.17.0.1,172.17.89.184
172.17.0.1,172.17.70.124
172.17.0.1,172.17.166.191
172.17.0.1,172.17.118.178
172.17.0.1,172.17.79.203
172.17.0.1,172.17.89.184
172.17.0.1,172.17.70.124
172.17.0.1,172.17.166.191
172.17.0.1,172.17.118.178
172.17.0.1,172.17.164.249
172.17.0.1,172.17.166.191
172.17.0.1,172.17.72.31
172.17.0.1,172.17.164.249
172.17.0.1,172.17.72.31
172.17.0.1,172.17.164.249
172.17.0.1,172.17.72.31
172.17.0.1,172.17.164.249
172.17.0.1,172.17.118.178
172.17.0.1,172.17.118.178
172.17.0.1,172.17.118.178
172.17.0.1,172.17.72.31
172.17.0.1,172.17.118.178
172.17.0.1,172.17.182.190
172.17.0.1,172.17.72.31
172.17.0.1,172.17.219.115
172.17.0.1,172.17.166.191
172.17.0.1,172.17.182.190
172.17.0.1,172.17.72.31
172.17.0.1,172.17.118.178
172.17.0.1,172.17.166.191
172.17.0.1,172.17.182.190
172.17.0.1,172.17.70.124
172.17.0.1,172.17.164.249
172.17.0.1,172.17.72.31
172.17.0.1,172.17.70.124
172.17.0.1,172.17.118.178
172.17.0.1,172.17.164.249
172.17.0.1,172.17.72.31
172.17.0.1,172.17.182.190
172.17.0.1,172.17.164.249
172.17.0.1,172.17.72.31
172.17.0.1,172.17.182.190
172.17.0.1,172.17.164.249
172.17.0.1,172.17.72.31
172.17.0.1,172.17.182.190
172.17.0.1,172.17.164.249
172.17.0.1,172.17.72.31
172.17.0.1,172.17.89.184
172.17.0.1,172.17.164.249
172.17.0.1,172.17.72.31
172.17.0.1,172.17.89.184
172.17.0.1,172.17.164.249
172.17.0.1,172.17.72.31
172.17.0.1,172.17.164.249
172.17.0.1,172.17.89.184
172.17.0.1,172.17.219.129
172.17.0.1,172.17.72.31
172.17.0.1,172.17.118.178
172.17.0.1,172.17.72.31
172.17.0.1,172.17.10.121
172.17.0.1,172.17.89.184
172.17.0.1,172.17.118.178
172.17.0.1,172.17.164.249
172.17.0.1,172.17.10.121
172.17.0.1,172.17.89.184
172.17.0.1,172.17.118.178
172.17.0.1,172.17.164.249
172.17.0.1,172.17.72.31
172.17.0.1,172.17.219.129
172.17.0.1,172.17.10.121
172.17.0.1,172.17.89.184
172.17.0.1,172.17.118.178
172.17.0.1,172.17.164.249
172.17.0.1,172.17.72.31
172.17.0.1,172.17.219.129
172.17.0.1,172.17.10.121
172.17.0.1,172.17.164.249
172.17.0.1,172.17.89.184
172.17.0.1,172.17.70.124
172.17.0.1,172.17.10.121
172.17.0.1,172.17.118.178
172.17.0.1,172.17.164.249
172.17.0.1,172.17.72.31
172.17.0.1,172.17.42.32
172.17.0.1,172.17.89.184
172.17.0.1,172.17.70.124
172.17.0.1,172.17.118.178
172.17.0.1,172.17.164.249
172.17.0.1,172.17.42.32
172.17.0.1,172.17.72.31
172.17.0.1,172.17.89.184
172.17.0.1,172.17.70.124
172.17.0.1,172.17.118.178
172.17.0.1,172.17.164.249
172.17.0.1,172.17.72.31
172.17.0.1,172.17.89.184
172.17.0.1,172.17.70.124
172.17.0.1,172.17.164.249
172.17.0.1,172.17.72.31
172.17.0.1,172.17.10.121
172.17.0.1,172.17.89.184
172.17.0.1,172.17.70.124
172.17.0.1,172.17.219.129
172.17.0.1,172.17.164.249
172.17.0.1,172.17.118.178
172.17.0.1,172.17.10.121
172.17.0.1,172.17.89.184
172.17.0.1,172.17.42.32
172.17.0.1,172.17.118.178
172.17.0.1,172.17.164.249
172.17.0.1,172.17.42.32
172.17.0.1,172.17.219.129
172.17.0.1,172.17.164.249
172.17.0.1,172.17.42.32
172.17.0.1,172.17.164.249
172.17.0.1,172.17.118.178
172.17.0.1,172.17.70.124
172.17.0.1,172.17.72.31
172.17.0.1,172.17.164.249
172.17.0.1,172.17.70.124
172.17.0.1,172.17.111.26
172.17.0.1,172.17.219.129
172.17.0.1,172.17.164.249
172.17.0.1,172.17.111.26
172.17.0.1,172.17.42.32
172.17.0.1,172.17.164.249
172.17.0.1,172.17.42.32
172.17.0.1,172.17.166.191
172.17.0.1,172.17.118.178
172.17.0.1,172.17.42.32
172.17.0.1,172.17.118.178
172.17.0.1,172.17.164.249
172.17.0.1,172.17.70.124
172.17.0.1,172.17.42.32
172.17.0.1,172.17.166.191
172.17.0.1,172.17.118.178
172.17.0.1,172.17.70.124
172.17.0.1,172.17.89.184
172.17.0.1,172.17.42.32
172.17.0.1,172.17.72.31
172.17.0.1,172.17.118.178
172.17.0.1,172.17.164.249
172.17.0.1,172.17.70.124
172.17.0.1,172.17.89.184
172.17.0.1,172.17.72.31
172.17.0.1,172.17.118.178
172.17.0.1,172.17.164.249
172.17.0.1,172.17.118.178
172.17.0.1,172.17.164.249
172.17.0.1,172.17.89.184
172.17.0.1,172.17.182.190
172.17.0.1,172.17.10.121
172.17.0.1,172.17.72.31
172.17.0.1,172.17.89.184
172.17.0.1,172.17.164.249
172.17.0.1,172.17.72.31
172.17.0.1,172.17.219.67
172.17.0.1,172.17.10.121
172.17.0.1,172.17.219.67
172.17.0.1,172.17.89.184
172.17.0.1,172.17.118.178
172.17.0.1,172.17.10.121
172.17.0.1,172.17.89.184
172.17.0.1,172.17.164.249
172.17.0.1,172.17.10.121
172.17.0.1,172.17.164.249
172.17.0.1,172.17.72.31
172.17.0.1,172.17.42.32
172.17.0.1,172.17.10.121
172.17.0.1,172.17.89.184
172.17.0.1,172.17.164.249
172.17.0.1,172.17.42.32
172.17.0.1,172.17.70.124
172.17.0.1,172.17.10.121
172.17.0.1,172.17.89.184
172.17.0.1,172.17.42.32
172.17.0.1,172.17.70.124
172.17.0.1,172.17.10.121
172.17.0.1,172.17.89.184
172.17.0.1,172.17.118.178
172.17.0.1,172.17.70.124
172.17.0.1,172.17.89.184
172.17.0.1,172.17.118.178
172.17.0.1,172.17.89.184
172.17.0.1,172.17.118.178
172.17.0.1,172.17.89.184
172.17.0.1,172.17.164.249
172.17.0.1,172.17.89.184
172.17.0.1,172.17.118.178
172.17.0.1,172.17.164.249
172.17.0.1,172.17.89.184
172.17.0.1,172.17.219.67
172.17.0.1,172.17.118.178
172.17.0.1,172.17.89.184
172.17.0.1,172.17.219.67
172.17.0.1,172.17.89.184
172.17.0.1,172.17.50.117
172.17.0.1,172.17.219.67
172.17.0.1,172.17.50.117
172.17.0.1,172.17.70.124
172.17.0.1,172.17.50.117
172.17.0.1,172.17.42.32
172.17.0.1,172.17.70.124
172.17.0.1,172.17.89.184
172.17.0.1,172.17.164.249
172.17.0.1,172.17.42.32
172.17.0.1,172.17.70.124
172.17.0.1,172.17.89.184
172.17.0.1,172.17.164.249
172.17.0.1,172.17.42.32
172.17.0.1,172.17.205.83
172.17.0.1,172.17.89.184
172.17.0.1,172.17.70.124
172.17.0.1,172.17.205.83
172.17.0.1,172.17.70.124
172.17.0.1,172.17.89.184
172.17.0.1,172.17.205.83
172.17.0.1,172.17.70.124
172.17.0.1,172.17.89.184
172.17.0.1,172.17.89.184
172.17.0.1,172.17.70.124
172.17.0.1,172.17.164.249
172.17.0.1,172.17.70.124
172.17.0.1,172.17.70.124
172.17.0.1,172.17.89.184
172.17.0.1,172.17.89.184
172.17.0.1,172.17.89.184
172.17.0.1,172.17.42.32
172.17.0.1,172.17.89.184
172.17.0.1,172.17.70.124
172.17.0.1,172.17.42.32
172.17.0.1,172.17.70.124
172.17.0.1,172.17.89.184
172.17.0.1,172.17.89.184
172.17.0.1,172.17.89.184
172.17.0.1,172.17.89.184
172.17.0.1,172.17.89.184
172.17.0.1,172.17.89.184
172.17.0.1,172.17.42.32
172.17.0.1,172.17.89.184
172.17.0.1,172.17.42.32
172.17.0.1,172.17.89.184
172.17.0.1,172.17.198.5
172.17.0.1,172.17.198.5
172.17.0.1,172.17.166.191
172.17.0.1,172.17.166.191
172.17.0.1,172.17.70.124
172.17.0.1,172.17.166.191
172.17.0.1,172.17.70.124
172.17.0.1,172.17.70.124
172.17.0.1,172.17.44.91
172.17.0.1,172.17.166.191
172.17.0.1,172.17.166.191
172.17.0.1,172.17.166.191
172.17.0.1,172.17.50.117
172.17.0.1,172.17.50.117
172.17.0.1,172.17.50.117
172.17.0.1,172.17.42.32
172.17.0.1,172.17.42.32
172.17.0.1,172.17.42.32
172.17.0.1,172.17.42.32
172.17.0.1,172.17.42.32
172.17.0.1,172.17.42.32
172.17.0.1,172.17.42.32
172.17.0.1,172.17.42.32
172.17.0.1,172.17.42.32
172.17.0.1,172.17.42.32
172.17.0.1,172.17.42.32
172.17.0.1,172.17.219.67
172.17.0.1,172.17.42.32
172.17.0.1,172.17.219.115
172.17.0.1,172.17.70.124
172.17.0.1,172.17.219.67
172.17.0.1,172.17.219.67
172.17.0.1,172.17.222.241
172.17.0.1,172.17.219.67
172.17.0.1,172.17.42.32
172.17.0.1,172.17.222.241
172.17.0.1,172.17.219.67
172.17.0.1,172.17.42.32
172.17.0.1,172.17.222.241
172.17.0.1,172.17.88.197
172.17.0.1,172.17.219.67
172.17.0.1,172.17.42.32
172.17.0.1,172.17.88.197
172.17.0.1,172.17.219.67
172.17.0.1,172.17.42.32
172.17.0.1,172.17.88.197
172.17.0.1,172.17.42.32
172.17.0.1,172.17.219.67
172.17.0.1,172.17.42.32
172.17.0.1,172.17.88.197
172.17.0.1,172.17.222.241
172.17.0.1,172.17.219.67
172.17.0.1,172.17.88.197
172.17.0.1,172.17.222.241
172.17.0.1,172.17.42.32
172.17.0.1,172.17.88.197
172.17.0.1,172.17.44.91
172.17.0.1,172.17.222.241
172.17.0.1,172.17.42.32
172.17.0.1,172.17.70.124
172.17.0.1,172.17.219.67
172.17.0.1,172.17.42.32
172.17.0.1,172.17.70.124
172.17.0.1,172.17.88.197
172.17.0.1,172.17.219.67
172.17.0.1,172.17.42.32
172.17.0.1,172.17.70.124
172.17.0.1,172.17.222.241
172.17.0.1,172.17.88.197
172.17.0.1,172.17.219.67
172.17.0.1,172.17.42.32
172.17.0.1,172.17.222.241
172.17.0.1,172.17.88.197
172.17.0.1,172.17.70.124
172.17.0.1,172.17.42.32
172.17.0.1,172.17.88.197
172.17.0.1,172.17.70.124
172.17.0.1,172.17.219.67
172.17.0.1,172.17.222.241
172.17.0.1,172.17.88.197
172.17.0.1,172.17.70.124
172.17.0.1,172.17.219.67
172.17.0.1,172.17.42.32
172.17.0.1,172.17.44.91
172.17.0.1,172.17.222.241
172.17.0.1,172.17.88.197
172.17.0.1,172.17.219.67
172.17.0.1,172.17.44.91
172.17.0.1,172.17.222.241
172.17.0.1,172.17.88.197
172.17.0.1,172.17.42.32
172.17.0.1,172.17.219.67
172.17.0.1,172.17.88.197
172.17.0.1,172.17.42.32
172.17.0.1,172.17.219.67
172.17.0.1,172.17.70.124
172.17.0.1,172.17.88.197
172.17.0.1,172.17.44.91
172.17.0.1,172.17.42.32
172.17.0.1,172.17.219.67
172.17.0.1,172.17.70.124
172.17.0.1,172.17.88.197
172.17.0.1,172.17.222.241
172.17.0.1,172.17.70.124
172.17.0.1,172.17.88.197
172.17.0.1,172.17.44.91
172.17.0.1,172.17.42.32
172.17.0.1,172.17.219.67
172.17.0.1,172.17.88.197
172.17.0.1,172.17.42.32
172.17.0.1,172.17.44.91
172.17.0.1,172.17.88.197
172.17.0.1,172.17.104.39
172.17.0.1,172.17.219.67
172.17.0.1,172.17.88.197
172.17.0.1,172.17.42.32
172.17.0.1,172.17.219.67
172.17.0.1,172.17.42.32
172.17.0.1,172.17.70.124
172.17.0.1,172.17.219.67
172.17.0.1,172.17.42.32
172.17.0.1,172.17.219.67
172.17.0.1,172.17.73.154
172.17.0.1,172.17.42.32
172.17.0.1,172.17.72.23
172.17.0.1,172.17.88.197
172.17.0.1,172.17.73.154
172.17.0.1,172.17.219.67
172.17.0.1,172.17.42.32
172.17.0.1,172.17.88.197
172.17.0.1,172.17.222.241
172.17.0.1,172.17.70.124
172.17.0.1,172.17.219.67
172.17.0.1,172.17.70.124
172.17.0.1,172.17.219.67
172.17.0.1,172.17.73.154
172.17.0.1,172.17.88.197
172.17.0.1,172.17.42.32
172.17.0.1,172.17.70.124
172.17.0.1,172.17.219.67
172.17.0.1,172.17.73.154
172.17.0.1,172.17.88.197
172.17.0.1,172.17.42.32
172.17.0.1,172.17.219.67
172.17.0.1,172.17.88.197
172.17.0.1,172.17.42.32
172.17.0.1,172.17.42.32
172.17.0.1,172.17.70.124
172.17.0.1,172.17.73.154
172.17.0.1,172.17.219.67
172.17.0.1,172.17.42.32
172.17.0.1,172.17.70.124
172.17.0.1,172.17.222.241
172.17.0.1,172.17.73.154
172.17.0.1,172.17.88.197
172.17.0.1,172.17.70.124
172.17.0.1,172.17.73.154
172.17.0.1,172.17.219.67
172.17.0.1,172.17.88.197
172.17.0.1,172.17.219.67
172.17.0.1,172.17.88.197
172.17.0.1,172.17.73.154
172.17.0.1,172.17.219.67
172.17.0.1,172.17.42.32
172.17.0.1,172.17.73.154
172.17.0.1,172.17.72.23
172.17.0.1,172.17.219.67
172.17.0.1,172.17.88.197
172.17.0.1,172.17.70.124
172.17.0.1,172.17.42.32
172.17.0.1,172.17.72.23
172.17.0.1,172.17.88.197
172.17.0.1,172.17.219.67
172.17.0.1,172.17.42.32
172.17.0.1,172.17.72.23
172.17.0.1,172.17.73.154
172.17.0.1,172.17.88.197
172.17.0.1,172.17.219.67
172.17.0.1,172.17.70.124
172.17.0.1,172.17.73.154
172.17.0.1,172.17.219.67
172.17.0.1,172.17.42.32
172.17.0.1,172.17.73.154
172.17.0.1,172.17.154.35
172.17.0.1,172.17.88.197
172.17.0.1,172.17.70.124
172.17.0.1,172.17.73.154
172.17.0.1,172.17.219.67
172.17.0.1,172.17.42.32
172.17.0.1,172.17.154.35
172.17.0.1,172.17.88.197
172.17.0.1,172.17.70.124
172.17.0.1,172.17.219.67
172.17.0.1,172.17.88.197
172.17.0.1,172.17.70.124
172.17.0.1,172.17.73.154
172.17.0.1,172.17.219.67
172.17.0.1,172.17.42.32
172.17.0.1,172.17.73.154
172.17.0.1,172.17.219.67
172.17.0.1,172.17.73.154
172.17.0.1,172.17.219.67
172.17.0.1,172.17.44.91
172.17.0.1,172.17.73.154
172.17.0.1,172.17.44.91
172.17.0.1,172.17.70.124
172.17.0.1,172.17.88.197
172.17.0.1,172.17.42.32
172.17.0.1,172.17.219.67
172.17.0.1,172.17.90.45
172.17.0.1,172.17.70.124
172.17.0.1,172.17.42.32
172.17.0.1,172.17.219.67
172.17.0.1,172.17.88.197
172.17.0.1,172.17.70.124
172.17.0.1,172.17.42.32
172.17.0.1,172.17.219.67
172.17.0.1,172.17.88.197
172.17.0.1,172.17.42.32
172.17.0.1,172.17.219.67
172.17.0.1,172.17.88.197
172.17.0.1,172.17.42.32
172.17.0.1,172.17.70.124
172.17.0.1,172.17.219.67
172.17.0.1,172.17.42.32
172.17.0.1,172.17.70.124
172.17.0.1,172.17.219.67
172.17.0.1,172.17.42.32
172.17.0.1,172.17.70.124
172.17.0.1,172.17.219.67
172.17.0.1,172.17.164.220
172.17.0.1,172.17.42.32
172.17.0.1,172.17.219.67
172.17.0.1,172.17.164.220
172.17.0.1,172.17.42.32
172.17.0.1,172.17.219.67
172.17.0.1,172.17.164.220
172.17.0.1,172.17.42.32
172.17.0.1,172.17.73.154
172.17.0.1,172.17.219.67
172.17.0.1,172.17.70.124
172.17.0.1,172.17.164.220
172.17.0.1,172.17.73.154
172.17.0.1,172.17.219.67
172.17.0.1,172.17.88.197
172.17.0.1,172.17.70.124
172.17.0.1,172.17.164.220
172.17.0.1,172.17.73.154
172.17.0.1,172.17.219.67
172.17.0.1,172.17.70.124
172.17.0.1,172.17.219.67
172.17.0.1,172.17.73.154
172.17.0.1,172.17.42.32
172.17.0.1,172.17.219.67
172.17.0.1,172.17.72.23
172.17.0.1,172.17.73.154
172.17.0.1,172.17.164.220
172.17.0.1,172.17.42.32
172.17.0.1,172.17.219.67
172.17.0.1,172.17.88.197
172.17.0.1,172.17.73.154
172.17.0.1,172.17.42.32
172.17.0.1,172.17.219.67
172.17.0.1,172.17.164.220
172.17.0.1,172.17.42.32
172.17.0.1,172.17.88.197
172.17.0.1,172.17.219.67
172.17.0.1,172.17.164.220
172.17.0.1,172.17.42.32
172.17.0.1,172.17.88.197
172.17.0.1,172.17.219.67
172.17.0.1,172.17.88.197
172.17.0.1,172.17.219.67
172.17.0.1,172.17.42.32
172.17.0.1,172.17.219.67
172.17.0.1,172.17.164.220
172.17.0.1,172.17.42.32
172.17.0.1,172.17.70.124
172.17.0.1,172.17.219.67
172.17.0.1,172.17.164.220
172.17.0.1,172.17.42.32
172.17.0.1,172.17.70.124
172.17.0.1,172.17.72.23
172.17.0.1,172.17.219.67
172.17.0.1,172.17.73.154
172.17.0.1,172.17.88.197
172.17.0.1,172.17.70.124
172.17.0.1,172.17.42.32
172.17.0.1,172.17.73.154
172.17.0.1,172.17.42.32
172.17.0.1,172.17.88.197
172.17.0.1,172.17.219.67
172.17.0.1,172.17.42.32
172.17.0.1,172.17.88.197
172.17.0.1,172.17.219.67
172.17.0.1,172.17.88.197
172.17.0.1,172.17.42.32
172.17.0.1,172.17.219.67
172.17.0.1,172.17.42.32
172.17.0.1,172.17.219.67
172.17.0.1,172.17.72.23
172.17.0.1,172.17.88.197
172.17.0.1,172.17.42.32
172.17.0.1,172.17.70.124
172.17.0.1,172.17.72.23
172.17.0.1,172.17.88.197
172.17.0.1,172.17.42.32
172.17.0.1,172.17.70.124
172.17.0.1,172.17.88.197
172.17.0.1,172.17.42.32
172.17.0.1,172.17.70.124
172.17.0.1,172.17.219.67
172.17.0.1,172.17.88.197
172.17.0.1,172.17.219.67
172.17.0.1,172.17.88.197
172.17.0.1,172.17.72.23
172.17.0.1,172.17.219.67
172.17.0.1,172.17.72.23
172.17.0.1,172.17.42.32
172.17.0.1,172.17.164.220
172.17.0.1,172.17.73.154
172.17.0.1,172.17.72.23
172.17.0.1,172.17.42.32
172.17.0.1,172.17.164.220
172.17.0.1,172.17.73.154
172.17.0.1,172.17.211.59
172.17.0.1,172.17.219.67
172.17.0.1,172.17.42.32
172.17.0.1,172.17.164.220
172.17.0.1,172.17.73.154
172.17.0.1,172.17.219.67
172.17.0.1,172.17.211.59
172.17.0.1,172.17.219.67
172.17.0.1,172.17.164.220
172.17.0.1,172.17.88.197
172.17.0.1,172.17.219.67
172.17.0.1,172.17.164.220
172.17.0.1,172.17.42.32
172.17.0.1,172.17.219.67
172.17.0.1,172.17.164.220
172.17.0.1,172.17.42.32
172.17.0.1,172.17.219.67
172.17.0.1,172.17.42.32
172.17.0.1,172.17.164.220
172.17.0.1,172.17.42.32
172.17.0.1,172.17.164.220
172.17.0.1,172.17.42.32
172.17.0.1,172.17.164.220
172.17.0.1,172.17.72.23
172.17.0.1,172.17.164.220
172.17.0.1,172.17.219.67
172.17.0.1,172.17.219.67
172.17.0.1,172.17.90.43
172.17.0.1,172.17.219.67
172.17.0.1,172.17.77.85
172.17.0.1,172.17.164.220
172.17.0.1,172.17.77.85
172.17.0.1,172.17.219.67
172.17.0.1,172.17.164.220
172.17.0.1,172.17.77.85
172.17.0.1,172.17.219.67
172.17.0.1,172.17.72.74
172.17.0.1,172.17.164.220
172.17.0.1,172.17.90.45
172.17.0.1,172.17.72.74
172.17.0.1,172.17.72.74
172.17.0.1,172.17.72.74
172.17.0.1,172.17.164.220
172.17.0.1,172.17.219.67
172.17.0.1,172.17.219.67
172.17.0.1,172.17.90.45
172.17.0.1,172.17.90.45
172.17.0.1,172.17.72.23
172.17.0.1,172.17.90.45
172.17.0.1,172.17.164.220
172.17.0.1,172.17.72.23
172.17.0.1,172.17.164.220
172.17.0.1,172.17.219.67
172.17.0.1,172.17.90.45
172.17.0.1,172.17.219.67
172.17.0.1,172.17.83.117
172.17.0.1,172.17.77.85
172.17.0.1,172.17.83.117
172.17.0.1,172.17.90.45
172.17.0.1,172.17.164.220
172.17.0.1,172.17.83.117
172.17.0.1,172.17.77.85
172.17.0.1,172.17.83.117
172.17.0.1,172.17.90.45
172.17.0.1,172.17.164.220
172.17.0.1,172.17.90.45
172.17.0.1,172.17.164.220
172.17.0.1,172.17.90.45
172.17.0.1,172.17.164.220
172.17.0.1,172.17.83.117
172.17.0.1,172.17.90.45
172.17.0.1,172.17.164.220
172.17.0.1,172.17.83.117
172.17.0.1,172.17.90.45
172.17.0.1,172.17.164.220
172.17.0.1,172.17.90.45
172.17.0.1,172.17.164.220
172.17.0.1,172.17.72.23
172.17.0.1,172.17.90.45
172.17.0.1,172.17.90.45
172.17.0.1,172.17.83.117
172.17.0.1,172.17.90.45
172.17.0.1,172.17.164.220
172.17.0.1,172.17.83.117
172.17.0.1,172.17.90.43
172.17.0.1,172.17.90.45
172.17.0.1,172.17.83.117
172.17.0.1,172.17.90.45
172.17.0.1,172.17.164.220
172.17.0.1,172.17.90.45
172.17.0.1,172.17.219.67
172.17.0.1,172.17.164.220
172.17.0.1,172.17.219.67
172.17.0.1,172.17.164.220
172.17.0.1,172.17.90.45
172.17.0.1,172.17.164.220
172.17.0.1,172.17.90.45
172.17.0.1,172.17.164.220
172.17.0.1,172.17.90.45
172.17.0.1,172.17.90.45
172.17.0.1,172.17.83.117
172.17.0.1,172.17.90.45
172.17.0.1,172.17.164.220
172.17.0.1,172.17.219.67
172.17.0.1,172.17.90.45
172.17.0.1,172.17.219.67
172.17.0.1,172.17.90.45
172.17.0.1,172.17.164.220
172.17.0.1,172.17.219.67
172.17.0.1,172.17.90.45
172.17.0.1,172.17.83.117
172.17.0.1,172.17.83.117
172.17.0.1,172.17.90.45
172.17.0.1,172.17.72.23
172.17.0.1,172.17.164.220
172.17.0.1,172.17.73.154
172.17.0.1,172.17.83.117
172.17.0.1,172.17.83.117
172.17.0.1,172.17.83.117
172.17.0.1,172.17.90.45
172.17.0.1,172.17.164.220
172.17.0.1,172.17.70.124
172.17.0.1,172.17.164.220
172.17.0.1,172.17.70.124
172.17.0.1,172.17.164.220
172.17.0.1,172.17.70.124
172.17.0.1,172.17.90.45
172.17.0.1,172.17.90.45
172.17.0.1,172.17.164.220
172.17.0.1,172.17.164.220
172.17.0.1,172.17.90.45
172.17.0.1,172.17.42.32
172.17.0.1,172.17.164.220
172.17.0.1,172.17.90.45
172.17.0.1,172.17.42.32
172.17.0.1,172.17.90.45
172.17.0.1,172.17.42.32
172.17.0.1,172.17.227.199
172.17.0.1,172.17.164.220
172.17.0.1,172.17.90.45
172.17.0.1,172.17.227.199
172.17.0.1,172.17.164.220
172.17.0.1,172.17.90.45
172.17.0.1,172.17.227.199
172.17.0.1,172.17.164.220
172.17.0.1,172.17.90.45
172.17.0.1,172.17.219.67
172.17.0.1,172.17.83.117
172.17.0.1,172.17.83.117
172.17.0.1,172.17.90.43
172.17.0.1,172.17.90.45
172.17.0.1,172.17.90.45
172.17.0.1,172.17.90.45
172.17.0.1,172.17.164.220
172.17.0.1,172.17.164.220
172.17.0.1,172.17.70.124
172.17.0.1,172.17.164.220
172.17.0.1,172.17.227.199
172.17.0.1,172.17.70.124
172.17.0.1,172.17.90.45
172.17.0.1,172.17.90.45
172.17.0.1,172.17.164.220
172.17.0.1,172.17.77.85
172.17.0.1,172.17.164.220
172.17.0.1,172.17.90.45
172.17.0.1,172.17.77.85
172.17.0.1,172.17.164.220
172.17.0.1,172.17.90.45
172.17.0.1,172.17.77.85
172.17.0.1,172.17.90.45
172.17.0.1,172.17.90.45
172.17.0.1,172.17.72.23
172.17.0.1,172.17.83.117
172.17.0.1,172.17.90.45
172.17.0.1,172.17.72.23
172.17.0.1,172.17.83.117
172.17.0.1,172.17.201.184
172.17.0.1,172.17.72.23
172.17.0.1,172.17.201.184
172.17.0.1,172.17.90.45
172.17.0.1,172.17.201.184
172.17.0.1,172.17.90.45
172.17.0.1,172.17.90.45
172.17.0.1,172.17.83.117
172.17.0.1,172.17.83.117
172.17.0.1,172.17.83.117
172.17.0.1,172.17.83.117
172.17.0.1,172.17.90.45
172.17.0.1,172.17.90.45
172.17.0.1,172.17.90.45
172.17.0.1,172.17.83.117
172.17.0.1,172.17.90.45
172.17.0.1,172.17.50.117
172.17.0.1,172.17.83.117
172.17.0.1,172.17.90.45
172.17.0.1,172.17.50.117
172.17.0.1,172.17.83.117
172.17.0.1,172.17.50.117
172.17.0.1,172.17.90.45
172.17.0.1,172.17.90.45
172.17.0.1,172.17.83.117
172.17.0.1,172.17.90.45
172.17.0.1,172.17.90.45
172.17.0.1,172.17.90.45
172.17.0.1,172.17.73.154
172.17.0.1,172.17.50.117
172.17.0.1,172.17.90.45
172.17.0.1,172.17.73.154
172.17.0.1,172.17.50.117
172.17.0.1,172.17.90.45
172.17.0.1,172.17.73.154
172.17.0.1,172.17.90.45
172.17.0.1,172.17.73.154
172.17.0.1,172.17.90.45
172.17.0.1,172.17.83.117
172.17.0.1,172.17.90.45
172.17.0.1,172.17.73.154
172.17.0.1,172.17.90.45
172.17.0.1,172.17.50.117
172.17.0.1,172.17.90.45
172.17.0.1,172.17.50.117
172.17.0.1,172.17.90.45
172.17.0.1,172.17.90.45
172.17.0.1,172.17.90.45
172.17.0.1,172.17.73.154
172.17.0.1,172.17.90.45
172.17.0.1,172.17.83.117
172.17.0.1,172.17.73.154
172.17.0.1,172.17.90.45
172.17.0.1,172.17.83.117
172.17.0.1,172.17.73.154
172.17.0.1,172.17.90.45
172.17.0.1,172.17.83.117
172.17.0.1,172.17.90.45
172.17.0.1,172.17.83.117
172.17.0.1,172.17.90.45
172.17.0.1,172.17.83.117
172.17.0.1,172.17.90.45
172.17.0.1,172.17.90.45
172.17.0.1,172.17.90.45
172.17.0.1,172.17.83.117
172.17.0.1,172.17.90.45
172.17.0.1,172.17.83.117
172.17.0.1,172.17.83.117
172.17.0.1,172.17.83.117
172.17.0.1,172.17.219.115
172.17.0.1,172.17.83.117
172.17.0.1,172.17.90.45
172.17.0.1,172.17.219.115
172.17.0.1,172.17.83.117
172.17.0.1,172.17.90.45
172.17.0.1,172.17.83.117
172.17.0.1,172.17.83.117
172.17.0.1,172.17.219.129
172.17.0.1,172.17.145.49
172.17.0.1,172.17.83.117
172.17.0.1,172.17.219.129
172.17.0.1,172.17.145.49
172.17.0.1,172.17.83.117
172.17.0.1,172.17.90.45
172.17.0.1,172.17.227.199
172.17.0.1,172.17.90.45
172.17.0.1,172.17.227.199
172.17.0.1,172.17.90.45
172.17.0.1,172.17.83.117
172.17.0.1,172.17.227.199
172.17.0.1,172.17.83.117
172.17.0.1,172.17.222.63
172.17.0.1,172.17.90.45
172.17.0.1,172.17.83.117
172.17.0.1,172.17.222.63
172.17.0.1,172.17.227.199
172.17.0.1,172.17.90.45
172.17.0.1,172.17.145.49
172.17.0.1,172.17.83.117
172.17.0.1,172.17.222.63
172.17.0.1,172.17.227.199
172.17.0.1,172.17.90.45
172.17.0.1,172.17.145.49
172.17.0.1,172.17.83.117
172.17.0.1,172.17.145.49
172.17.0.1,172.17.83.117
172.17.0.1,172.17.90.45
172.17.0.1,172.17.227.199
172.17.0.1,172.17.83.117
172.17.0.1,172.17.90.45
172.17.0.1,172.17.223.210
172.17.0.1,172.17.90.45
172.17.0.1,172.17.201.184
172.17.0.1,172.17.222.169
172.17.0.1,172.17.222.169
172.17.0.1,172.17.222.169
172.17.0.1,172.17.94.185
172.17.0.1,172.17.71.98
172.17.0.1,172.17.71.98
172.17.0.1,172.17.90.45
172.17.0.1,172.17.11.163
172.17.0.1,172.17.70.124
172.17.0.1,172.17.223.10
172.17.0.1,172.17.13.102
172.17.0.1,172.17.201.184
172.17.0.1,172.17.109.65
172.17.0.1,172.17.70.124
172.17.0.1,172.17.222.169
172.17.0.1,172.17.109.65
172.17.0.1,172.17.155.134
172.17.0.1,172.17.222.169
172.17.0.1,172.17.155.134
172.17.0.1,172.17.109.65
172.17.0.1,172.17.109.65
172.17.0.1,172.17.109.65
172.17.0.1,172.17.223.10
172.17.0.1,172.17.223.10
172.17.0.1,172.17.223.10
172.17.0.1,172.17.222.234
172.17.0.1,172.17.222.234
172.17.0.1,172.17.109.65
172.17.0.1,172.17.109.65
172.17.0.1,172.17.109.65
172.17.0.1,172.17.109.65
172.17.0.1,172.17.109.65
172.17.0.1,172.17.109.65
172.17.0.1,172.17.223.10
172.17.0.1,172.17.223.10
172.17.0.1,172.17.223.10
172.17.0.1,172.17.223.10
172.17.0.1,172.17.223.10
172.17.0.1,172.17.223.10
172.17.0.1,172.17.223.10
172.17.0.1,172.17.223.10
172.17.0.1,172.17.223.10
172.17.0.1,172.17.223.10
172.17.0.1,172.17.223.10
172.17.0.1,172.17.68.212
172.17.0.1,172.17.223.10
172.17.0.1,172.17.155.134
172.17.0.1,172.17.68.212
172.17.0.1,172.17.68.212
172.17.0.1,172.17.10.121
172.17.0.1,172.17.219.115
172.17.0.1,172.17.223.10
172.17.0.1,172.17.90.35
172.17.0.1,172.17.10.121
172.17.0.1,172.17.219.115
172.17.0.1,172.17.90.35
172.17.0.1,172.17.10.121
172.17.0.1,172.17.155.134
172.17.0.1,172.17.223.10
172.17.0.1,172.17.219.115
172.17.0.1,172.17.90.35
172.17.0.1,172.17.155.134
172.17.0.1,172.17.223.10
172.17.0.1,172.17.155.134
172.17.0.1,172.17.223.10
172.17.0.1,172.17.219.115
172.17.0.1,172.17.155.134
172.17.0.1,172.17.219.115
172.17.0.1,172.17.10.121
172.17.0.1,172.17.223.10
172.17.0.1,172.17.155.134
172.17.0.1,172.17.219.115
172.17.0.1,172.17.10.121
172.17.0.1,172.17.223.10
172.17.0.1,172.17.155.134
172.17.0.1,172.17.219.115
172.17.0.1,172.17.10.121
172.17.0.1,172.17.223.10
172.17.0.1,172.17.155.134
172.17.0.1,172.17.219.115
172.17.0.1,172.17.10.121
172.17.0.1,172.17.155.134
172.17.0.1,172.17.219.115
172.17.0.1,172.17.223.10
172.17.0.1,172.17.10.121
172.17.0.1,172.17.223.10
172.17.0.1,172.17.10.121
172.17.0.1,172.17.219.115
172.17.0.1,172.17.155.134
172.17.0.1,172.17.223.10
172.17.0.1,172.17.219.115
172.17.0.1,172.17.219.115
172.17.0.1,172.17.155.134
172.17.0.1,172.17.223.10
172.17.0.1,172.17.10.121
172.17.0.1,172.17.155.134
172.17.0.1,172.17.90.35
172.17.0.1,172.17.141.27
172.17.0.1,172.17.10.121
172.17.0.1,172.17.141.6
172.17.0.1,172.17.219.115
172.17.0.1,172.17.90.35
172.17.0.1,172.17.155.134
172.17.0.1,172.17.10.121
172.17.0.1,172.17.68.212
172.17.0.1,172.17.90.35
172.17.0.1,172.17.155.134
172.17.0.1,172.17.141.6
172.17.0.1,172.17.68.212
172.17.0.1,172.17.223.10
172.17.0.1,172.17.219.115
172.17.0.1,172.17.155.134
172.17.0.1,172.17.90.35
172.17.0.1,172.17.141.27
172.17.0.1,172.17.68.212
172.17.0.1,172.17.223.10
172.17.0.1,172.17.141.6
172.17.0.1,172.17.155.134
172.17.0.1,172.17.90.35
172.17.0.1,172.17.219.115
172.17.0.1,172.17.141.27
172.17.0.1,172.17.223.10
172.17.0.1,172.17.141.6
172.17.0.1,172.17.155.134
172.17.0.1,172.17.90.35
172.17.0.1,172.17.219.115
172.17.0.1,172.17.141.6
172.17.0.1,172.17.155.134
172.17.0.1,172.17.219.115
172.17.0.1,172.17.223.10
172.17.0.1,172.17.68.212
172.17.0.1,172.17.155.134
172.17.0.1,172.17.10.121
172.17.0.1,172.17.223.10
172.17.0.1,172.17.68.212
172.17.0.1,172.17.155.134
172.17.0.1,172.17.10.121
172.17.0.1,172.17.68.212
172.17.0.1,172.17.141.6
172.17.0.1,172.17.155.134
172.17.0.1,172.17.10.121
172.17.0.1,172.17.141.6
172.17.0.1,172.17.68.212
172.17.0.1,172.17.223.10
172.17.0.1,172.17.155.134
172.17.0.1,172.17.141.6
172.17.0.1,172.17.68.212
172.17.0.1,172.17.223.10
172.17.0.1,172.17.90.35
172.17.0.1,172.17.141.27
172.17.0.1,172.17.155.134
172.17.0.1,172.17.68.212
172.17.0.1,172.17.223.10
172.17.0.1,172.17.90.35
172.17.0.1,172.17.141.27
172.17.0.1,172.17.10.121
172.17.0.1,172.17.141.6
172.17.0.1,172.17.10.121
172.17.0.1,172.17.68.212
172.17.0.1,172.17.155.134
172.17.0.1,172.17.10.121
172.17.0.1,172.17.90.35
172.17.0.1,172.17.68.212
172.17.0.1,172.17.10.121
172.17.0.1,172.17.90.35
172.17.0.1,172.17.155.134
172.17.0.1,172.17.68.212
172.17.0.1,172.17.90.43
172.17.0.1,172.17.68.212
172.17.0.1,172.17.180.250
172.17.0.1,172.17.155.134
172.17.0.1,172.17.68.212
172.17.0.1,172.17.227.199
172.17.0.1,172.17.155.134
172.17.0.1,172.17.109.65
172.17.0.1,172.17.180.250
172.17.0.1,172.17.68.212
172.17.0.1,172.17.90.35
172.17.0.1,172.17.109.65
172.17.0.1,172.17.180.250
172.17.0.1,172.17.68.212
172.17.0.1,172.17.109.65
172.17.0.1,172.17.180.250
172.17.0.1,172.17.68.212
172.17.0.1,172.17.155.134
172.17.0.1,172.17.155.134
172.17.0.1,172.17.109.65
172.17.0.1,172.17.155.134
172.17.0.1,172.17.180.250
172.17.0.1,172.17.109.65
172.17.0.1,172.17.90.35
172.17.0.1,172.17.180.250
172.17.0.1,172.17.105.209
172.17.0.1,172.17.155.134
172.17.0.1,172.17.90.35
172.17.0.1,172.17.109.65
172.17.0.1,172.17.105.209
172.17.0.1,172.17.155.134
172.17.0.1,172.17.109.65
172.17.0.1,172.17.105.209
172.17.0.1,172.17.90.35
172.17.0.1,172.17.109.65
172.17.0.1,172.17.10.121
172.17.0.1,172.17.90.35
172.17.0.1,172.17.10.121
172.17.0.1,172.17.90.35
172.17.0.1,172.17.155.134
172.17.0.1,172.17.109.65
172.17.0.1,172.17.155.134
172.17.0.1,172.17.90.35
172.17.0.1,172.17.180.250
172.17.0.1,172.17.155.134
172.17.0.1,172.17.90.35
172.17.0.1,172.17.68.212
172.17.0.1,172.17.180.250
172.17.0.1,172.17.105.209
172.17.0.1,172.17.90.35
172.17.0.1,172.17.180.250
172.17.0.1,172.17.105.209
172.17.0.1,172.17.141.27
172.17.0.1,172.17.10.121
172.17.0.1,172.17.109.65
172.17.0.1,172.17.155.134
172.17.0.1,172.17.105.209
172.17.0.1,172.17.141.27
172.17.0.1,172.17.68.212
172.17.0.1,172.17.155.134
172.17.0.1,172.17.10.121
172.17.0.1,172.17.90.35
172.17.0.1,172.17.109.65
172.17.0.1,172.17.155.134
172.17.0.1,172.17.90.35
172.17.0.1,172.17.109.65
172.17.0.1,172.17.68.212
172.17.0.1,172.17.90.43
172.17.0.1,172.17.90.43
172.17.0.1,172.17.90.43
172.17.0.1,172.17.220.214
172.17.0.1,172.17.220.214
172.17.0.1,172.17.220.214
172.17.0.1,172.17.220.214
172.17.0.1,172.17.220.214
172.17.0.1,172.17.220.214
172.17.0.1,172.17.239.72
172.17.0.1,172.17.157.248
172.17.0.1,172.17.157.248
172.17.0.1,172.17.239.72
172.17.0.1,172.17.141.27
172.17.0.1,172.17.141.27
172.17.0.1,172.17.197.35
172.17.0.1,172.17.197.35
