10.10.88.1,10.10.91.16
10.10.88.1,10.10.91.16
10.10.88.1,10.10.91.16
10.10.88.1,10.10.91.16
10.10.88.1,10.10.91.16
10.10.88.1,10.10.91.16
10.10.90.114,10.10.88.1
10.10.88.1,10.10.91.16
10.10.88.1,10.10.91.16
10.10.88.1,10.10.91.16
10.10.88.1,10.10.91.16
10.10.88.1,10.10.91.16
10.10.88.1,10.10.91.16
10.10.88.1,10.10.88.71
10.10.88.1,10.10.90.91
10.10.88.1,10.10.90.80
10.10.90.0,10.10.90.23
10.10.90.40,10.10.90.114
10.10.90.19,10.10.90.114
10.10.90.0,10.10.90.15
10.10.90.15,10.10.90.0
10.10.90.19,10.10.90.0
10.10.91.56,10.10.91.132
10.10.90.40,10.10.91.132
10.10.91.56,10.10.91.114
10.10.90.0,10.10.91.114
10.10.90.0,10.10.90.225
10.10.90.15,10.10.91.132
10.10.90.15,10.10.90.225
10.10.90.19,10.10.90.15
10.10.90.15,10.10.90.19
10.10.90.0,10.10.91.132
10.10.90.40,10.10.90.0
10.10.90.40,10.10.90.19
10.10.90.15,10.10.90.23
10.10.90.40,10.10.90.23
10.10.90.0,10.10.90.40
10.10.90.15,10.10.90.40
10.10.90.19,10.10.88.1
10.10.90.55,10.10.90.55
10.10.90.55,10.10.90.55
10.10.90.55,10.10.88.1
10.10.90.55,10.10.88.1
10.10.88.1,10.10.90.23
10.10.88.1,10.10.91.16
10.10.88.1,10.10.91.16
10.10.88.1,10.10.91.16
10.10.88.1,10.10.91.16
10.10.88.1,10.10.91.16
10.10.88.1,10.10.91.16
10.10.88.1,10.10.91.16
10.10.88.1,10.10.91.16
10.10.88.1,10.10.91.16
10.10.88.1,10.10.91.16
10.10.88.1,10.10.91.16
10.10.88.1,10.10.91.16
10.10.90.114,10.10.91.132
10.10.90.19,10.10.88.1
10.10.90.114,10.10.88.1
10.10.88.1,10.10.88.64
10.10.90.19,10.10.90.114
10.10.91.56,10.10.90.23
10.10.90.114,10.10.90.15
10.10.90.114,10.10.90.19
10.10.90.114,10.10.90.40
10.10.88.1,10.10.90.225
10.10.88.1,10.10.91.114
10.10.90.114,10.10.90.225
10.10.90.19,10.10.91.114
10.10.90.114,10.10.91.114
10.10.91.56,10.10.90.225
10.10.91.132,10.10.90.225
10.10.90.19,10.10.90.40
10.10.90.19,10.10.90.225
10.10.91.132,10.10.90.40
10.10.90.114,10.10.88.1
10.10.90.114,10.10.90.23
10.10.90.0,10.10.88.1
10.10.90.0,10.10.88.1
0.0.0.0,10.10.90.0
10.10.90.0,10.10.88.1
0.0.0.0,10.10.90.0
0.0.0.0,10.10.90.0
10.10.90.0,10.10.88.1
10.10.90.0,10.200.1.51
10.10.90.0,10.10.90.0
10.10.90.0,10.200.1.51
10.10.90.0,10.200.1.51
10.10.90.0,10.10.90.23
10.10.90.114,10.10.88.1
10.10.88.1,10.10.91.183
10.10.88.1,10.10.91.16
10.10.88.1,10.10.91.16
10.10.88.1,10.10.91.16
10.10.88.1,10.10.91.16
10.10.88.1,10.10.91.16
10.10.88.1,10.10.91.16
10.10.88.1,10.10.91.16
10.10.88.1,10.10.91.16
10.10.88.1,10.10.91.16
10.10.88.1,10.10.91.16
10.10.88.1,10.10.91.16
10.10.88.1,10.10.91.16
10.10.88.1,10.10.91.16
10.10.88.1,10.10.91.16
10.10.88.1,10.10.91.16
10.10.88.1,10.10.91.16
10.10.88.1,10.10.91.16
10.10.88.1,10.10.91.16
10.10.90.114,10.10.88.1
10.10.88.1,10.10.91.16
10.10.88.1,10.10.91.16
10.10.88.1,10.10.91.16
10.10.88.1,10.10.91.16
10.10.88.1,10.10.91.16
10.10.88.1,10.10.91.16
10.10.88.1,10.10.91.16
10.10.88.1,10.10.91.16
10.10.88.1,10.10.91.16
10.10.88.1,10.10.91.16
10.10.88.1,10.10.91.16
10.10.88.1,10.10.91.16
10.10.88.1,10.10.91.32
10.10.88.1,10.10.91.32
10.10.88.1,10.10.91.32
10.10.88.1,10.10.91.32
10.10.88.1,10.10.91.32
10.10.88.1,10.10.91.32
10.10.88.1,10.10.88.71
10.10.88.1,10.10.91.32
10.10.88.1,10.10.91.32
10.10.88.1,10.10.91.32
10.10.88.1,10.10.91.32
10.10.88.1,10.10.91.32
10.10.88.1,10.10.91.32
10.10.88.1,10.10.91.32
10.10.88.1,10.10.91.32
10.10.88.1,10.10.91.32
10.10.88.1,10.10.91.32
10.10.88.1,10.10.91.32
10.10.88.1,10.10.91.32
10.10.88.1,10.10.91.32
10.10.88.1,10.10.91.32
10.10.88.1,10.10.90.91
10.10.88.1,10.10.91.32
10.10.88.1,10.10.91.32
10.10.88.1,10.10.91.32
10.10.88.1,10.10.91.32
10.10.88.1,10.10.91.32
10.10.88.1,10.10.91.32
10.10.88.1,10.10.91.32
10.10.88.1,10.10.91.32
10.10.88.1,10.10.91.32
10.10.88.1,10.10.91.32
10.10.90.55,10.10.90.55
10.10.90.55,169.254.255.255
10.10.90.55,169.254.255.255
10.10.90.55,169.254.255.255
10.10.90.55,169.254.255.255
10.10.90.55,169.254.255.255
10.10.90.55,10.10.90.55
10.10.88.1,10.10.90.80
10.10.88.1,10.10.91.32
10.10.88.1,10.10.91.32
10.10.88.1,10.10.91.32
10.10.88.1,10.10.91.32
10.10.88.1,10.10.91.32
10.10.88.1,10.10.91.32
10.10.90.19,10.10.88.1
10.10.91.75,10.10.91.75
10.10.91.75,10.10.88.1
10.10.91.75,10.10.88.1
10.10.91.75,10.10.91.75
10.10.91.75,10.10.88.1
10.10.88.1,10.10.90.40
10.10.88.1,10.10.90.15
10.10.88.1,10.10.91.32
10.10.88.1,10.10.91.32
10.10.88.1,10.10.91.32
10.10.88.1,10.10.91.32
10.10.88.1,10.10.91.32
10.10.90.55,10.10.90.55
10.10.88.1,10.10.91.32
10.10.90.55,10.10.88.1
10.10.90.55,10.10.88.1
10.10.90.55,10.10.90.55
10.10.90.55,10.10.88.1
10.10.90.19,10.10.88.1
10.10.90.19,10.10.88.1
10.10.90.114,10.10.88.1
10.10.90.91,10.10.88.1
10.10.90.91,10.10.88.1
0.0.0.0,10.10.90.91
10.10.90.91,10.10.90.225
0.0.0.0,10.10.90.91
0.0.0.0,10.10.90.91
10.10.90.91,10.10.90.91
10.10.88.1,10.10.91.16
10.10.88.1,10.10.91.16
10.10.88.1,10.10.91.32
10.10.88.1,10.10.91.16
10.10.88.1,10.10.91.32
10.10.88.1,10.10.91.16
10.10.88.1,10.10.91.32
10.10.88.1,10.10.91.32
10.10.88.1,10.10.91.16
10.10.88.1,10.10.91.32
10.10.88.1,10.10.91.16
10.10.88.1,10.10.91.32
10.10.90.19,10.10.88.1
10.10.88.1,10.10.91.16
10.10.88.1,10.10.91.16
10.10.88.1,10.10.91.16
10.10.88.1,10.10.91.16
10.10.88.1,10.10.91.16
10.10.88.1,10.10.91.16
10.10.90.114,10.10.88.1
10.10.88.1,10.10.91.32
10.10.88.1,10.10.91.32
10.10.88.1,10.10.91.32
10.10.88.1,10.10.91.32
10.10.88.1,10.10.91.32
10.10.88.1,10.10.91.32
10.10.88.1,10.10.91.16
10.10.88.1,10.10.91.16
10.10.88.1,10.10.91.16
10.10.88.1,10.10.91.16
10.10.88.1,10.10.91.16
10.10.88.1,10.10.91.16
10.10.88.1,10.10.91.16
10.10.88.1,10.10.91.16
10.10.90.114,10.10.88.1
10.10.88.1,10.10.91.16
10.10.88.1,10.10.91.16
10.10.88.1,10.10.91.32
10.10.88.1,10.10.91.32
10.10.88.1,10.10.91.16
10.10.88.1,10.10.91.32
10.10.88.1,10.10.91.32
10.10.88.1,10.10.91.16
10.10.88.1,10.10.91.32
10.10.88.1,10.10.91.32
10.10.90.114,10.10.88.1
10.10.88.1,10.10.91.16
10.10.88.1,10.10.91.16
10.10.88.1,10.10.91.16
10.10.88.1,10.10.91.16
10.10.88.1,10.10.91.16
10.10.88.1,10.10.91.16
10.10.88.1,10.10.91.32
10.10.88.1,10.10.91.32
10.10.88.1,10.10.91.32
10.10.88.1,10.10.91.16
10.10.88.1,10.10.91.32
10.10.88.1,10.10.91.16
10.10.88.1,10.10.91.16
10.10.90.0,10.10.90.23
10.10.88.1,10.10.91.16
10.10.90.0,10.10.90.19
10.10.90.0,10.10.91.114
10.10.90.19,10.10.91.114
10.10.88.1,10.10.91.16
10.10.90.0,10.10.90.40
10.10.90.19,10.10.90.40
10.10.90.40,10.10.90.225
10.10.90.114,10.10.90.40
10.10.88.1,10.10.91.16
10.10.90.0,10.10.90.114
10.10.90.19,10.10.90.114
10.10.90.114,10.10.91.132
10.10.90.0,10.10.91.132
10.10.91.56,10.10.91.114
10.10.90.19,10.10.90.225
10.10.90.40,10.10.90.23
10.10.88.1,10.10.91.16
10.10.88.1,10.10.91.16
10.10.88.1,10.10.91.16
10.10.88.1,10.10.91.16
10.10.88.1,10.10.91.16
10.10.88.1,10.10.91.16
10.10.88.1,10.10.91.16
10.10.88.1,10.10.91.16
10.10.88.1,10.10.91.16
10.10.88.1,10.10.91.16
10.10.88.1,10.10.91.16
10.10.88.1,10.10.91.16
10.10.12.84,10.10.12.1
10.10.12.84,10.10.12.1
10.10.91.183,10.10.88.1
10.10.91.183,10.10.88.1
10.10.91.183,10.10.88.1
10.10.91.183,10.200.1.51
10.10.91.183,10.10.88.1
10.10.91.183,10.10.88.1
0.0.0.0,10.10.91.183
10.10.91.183,10.10.88.1
10.10.91.183,10.10.88.1
10.10.91.183,10.10.12.1
10.10.91.183,10.200.1.51
0.0.0.0,10.10.91.183
10.10.91.183,10.10.88.1
10.10.91.183,10.10.12.1
10.10.91.183,10.200.1.51
0.0.0.0,10.10.91.183
10.10.91.183,10.10.88.1
10.10.91.183,10.10.88.1
10.10.91.183,10.10.88.1
10.10.91.183,10.10.91.183
10.10.91.183,10.10.88.1
10.10.90.19,10.10.88.1
10.10.90.55,10.10.88.1
10.10.91.183,10.10.88.1
10.10.90.19,10.10.90.15
10.10.91.183,10.10.90.15
10.10.90.15,10.10.91.183
10.10.91.183,10.10.88.1
10.10.91.183,10.10.88.1
10.10.90.0,10.10.90.15
10.10.90.114,10.10.90.15
10.10.90.19,10.10.88.1
10.10.90.19,10.10.88.1
10.10.91.183,10.10.88.1
10.10.91.183,10.10.88.1
10.10.90.114,10.10.88.1
10.10.90.19,10.10.88.1
10.10.88.1,10.10.91.16
10.10.88.1,10.10.91.16
10.10.88.1,10.10.91.16
10.10.88.1,10.10.91.16
10.10.88.1,10.10.91.16
10.10.88.1,10.10.91.16
10.10.91.183,10.10.88.1
10.10.88.1,10.10.91.16
10.10.88.1,10.10.91.16
10.10.88.1,10.10.91.16
10.10.88.1,10.10.91.16
10.10.88.1,10.10.91.16
10.10.91.75,10.10.91.75
10.10.88.1,10.10.91.16
10.10.91.75,10.10.88.1
10.10.91.75,10.10.91.75
10.10.91.75,10.10.88.1
10.10.90.114,10.10.88.1
10.10.88.1,10.10.91.16
10.10.88.1,10.10.91.16
10.10.88.1,10.10.91.16
10.10.88.1,10.10.91.16
10.10.88.1,10.10.91.16
10.10.88.1,10.10.91.16
10.10.88.1,10.10.91.16
10.10.88.1,10.10.91.16
10.10.88.1,10.10.91.16
10.10.88.1,10.10.91.16
10.10.88.1,10.10.91.16
10.10.88.1,10.10.91.16
10.10.88.1,10.10.91.16
10.10.88.1,10.10.91.16
10.10.88.1,10.10.91.16
10.10.88.1,10.10.91.16
10.10.88.1,10.10.91.16
10.10.88.1,10.10.91.16
10.10.88.1,10.10.91.16
10.10.88.1,10.10.91.16
10.10.88.1,10.10.91.16
10.10.88.1,10.10.88.64
10.10.88.1,10.10.91.16
10.10.88.1,10.10.91.16
10.10.88.1,10.10.91.16
10.10.88.1,10.10.90.225
10.10.88.1,10.10.91.114
10.10.88.1,10.10.91.132
10.10.90.114,10.10.88.1
10.10.90.114,10.10.88.71
10.10.90.80,10.10.90.114
10.10.90.114,10.10.88.1
10.10.91.56,10.10.88.1
10.10.91.56,10.10.88.1
10.10.91.56,10.10.88.1
10.10.91.56,10.10.88.1
10.10.91.56,10.10.88.1
10.10.91.56,10.10.88.1
10.10.91.56,10.10.91.56
10.10.91.56,10.10.88.1
10.10.91.56,10.10.88.71
10.10.91.56,10.10.88.1
10.10.91.56,10.10.91.56
10.10.91.56,10.10.88.1
10.10.91.56,10.10.88.71
10.10.91.56,10.10.91.132
10.10.90.0,10.10.91.132
10.10.90.114,10.10.91.132
10.10.91.56,10.10.90.23
10.10.90.23,10.10.90.225
10.10.90.23,10.10.91.114
10.10.90.114,10.10.90.23
10.10.90.0,10.10.90.23
10.10.91.56,10.10.90.0
10.10.90.114,10.10.90.0
10.10.91.56,10.10.91.114
10.10.90.114,10.10.91.114
10.10.90.0,10.10.91.114
10.10.91.183,10.10.90.114
10.10.90.19,10.10.90.114
10.10.91.56,10.10.90.40
10.10.91.183,10.10.90.40
10.10.90.19,10.10.90.40
10.10.90.0,10.10.90.40
10.10.90.114,10.10.90.40
10.10.91.183,10.10.90.0
10.10.90.19,10.10.90.0
10.10.90.19,10.10.91.114
10.10.90.0,10.10.90.19
10.10.91.183,10.10.91.114
10.10.90.0,10.10.90.114
10.10.91.56,10.10.90.19
10.10.90.114,10.10.90.19
10.10.91.56,10.10.90.114
10.10.91.183,10.10.88.1
0.0.0.0,10.10.91.114
10.10.91.114,10.10.88.1
0.0.0.0,10.10.91.114
0.0.0.0,10.10.91.114
10.10.91.114,10.10.91.114
10.10.90.19,10.10.88.1
10.10.90.114,10.10.88.1
10.10.91.183,10.10.88.1
10.10.88.1,10.10.91.16
10.10.88.1,10.10.91.16
10.10.88.1,10.10.91.16
10.10.88.1,10.10.91.16
10.10.88.1,10.10.91.16
10.10.88.1,10.10.91.16
10.10.88.1,10.10.91.16
10.10.88.1,10.10.91.16
10.10.88.1,10.10.91.16
10.10.88.1,10.10.91.16
10.10.88.1,10.10.91.16
10.10.88.1,10.10.91.16
10.10.90.114,10.10.88.1
10.10.88.1,10.10.91.16
10.10.88.1,10.10.91.16
10.10.88.1,10.10.91.16
10.10.88.1,10.10.91.16
10.10.88.1,10.10.91.16
10.10.88.1,10.10.91.16
10.10.88.1,10.10.91.16
10.10.88.1,10.10.91.16
10.10.88.1,10.10.91.16
10.10.88.1,10.10.91.16
10.10.88.1,10.10.91.16
10.10.88.1,10.10.91.16
10.10.88.1,10.10.91.16
10.10.88.1,10.10.91.16
10.10.88.1,10.10.91.16
10.10.88.1,10.10.91.16
10.10.88.1,10.10.91.16
10.10.88.1,10.10.91.16
10.10.88.1,10.10.91.16
10.10.88.1,10.10.91.16
10.10.88.1,10.10.91.16
10.10.88.1,10.10.91.16
10.10.88.1,10.10.91.16
10.10.88.1,10.10.91.16
10.10.88.1,10.10.91.16
10.10.88.1,10.10.91.16
10.10.88.1,10.10.91.16
10.10.88.1,10.10.91.16
10.10.88.1,10.10.91.16
10.10.88.1,10.10.91.16
10.10.88.1,10.10.91.16
10.10.88.1,10.10.91.16
10.10.88.1,10.10.91.16
10.10.88.1,10.10.91.16
10.10.88.1,10.10.91.16
10.10.88.1,10.10.91.16
10.10.88.1,10.10.88.71
10.10.90.114,10.10.88.71
10.10.88.1,10.10.91.16
10.10.88.1,10.10.91.16
10.10.88.1,10.10.91.16
10.10.88.1,10.10.91.16
10.10.88.1,10.10.91.16
10.10.88.1,10.10.91.16
10.10.88.1,10.10.91.16
10.10.88.1,10.10.91.16
10.10.88.1,10.10.91.16
10.10.88.1,10.10.91.16
10.10.88.1,10.10.91.16
10.10.88.1,10.10.91.16
10.10.88.1,10.10.91.16
10.10.88.1,10.10.91.16
10.10.88.1,10.10.91.16
10.10.88.1,10.10.91.16
10.10.88.1,10.10.91.16
10.10.88.1,10.10.91.16
10.10.88.1,10.10.91.16
10.10.88.1,10.10.91.16
10.10.88.1,10.10.91.16
10.10.88.1,10.10.91.16
10.10.88.1,10.10.91.16
10.10.88.1,10.10.91.16
10.10.88.1,10.10.91.16
10.10.88.1,10.10.91.16
10.10.88.1,10.10.91.16
10.10.88.1,10.10.91.16
10.10.88.1,10.10.91.16
10.10.88.1,10.10.91.16
10.10.88.1,10.10.91.16
10.10.88.1,10.10.91.16
10.10.88.1,10.10.91.16
10.10.88.1,10.10.91.16
10.10.88.1,10.10.91.16
10.10.88.1,10.10.91.16
10.10.90.19,10.10.88.1
10.10.90.114,10.10.88.71
10.10.91.183,10.10.88.1
10.10.91.183,10.10.88.1
10.10.90.114,10.10.88.1
10.10.90.15,10.10.88.1
0.0.0.0,10.10.90.15
0.0.0.0,10.10.90.15
0.0.0.0,10.10.90.15
10.10.90.15,10.10.90.15
10.10.90.19,10.10.88.1
10.10.90.15,10.10.88.1
0.0.0.0,10.10.90.15
0.0.0.0,10.10.90.15
0.0.0.0,10.10.90.15
10.10.90.15,10.10.90.15
10.10.90.15,10.10.88.1
0.0.0.0,10.10.90.15
0.0.0.0,10.10.90.15
0.0.0.0,10.10.90.15
10.10.90.15,10.10.90.15
10.10.88.1,10.10.91.16
10.10.88.1,10.10.91.16
10.10.88.1,10.10.91.16
10.10.88.1,10.10.91.16
10.10.88.1,10.10.88.64
10.10.88.1,10.10.91.16
10.10.88.1,10.10.91.16
10.10.88.1,10.10.91.16
10.10.90.114,10.10.90.23
10.10.91.114,10.10.90.19
10.10.90.114,10.10.90.19
10.10.88.1,10.10.91.16
10.10.90.15,10.10.91.114
10.10.90.0,10.10.90.19
10.10.90.0,10.10.91.114
10.10.90.0,10.10.90.114
10.10.88.1,10.10.91.16
10.10.88.1,10.10.91.16
10.10.90.19,10.10.90.40
10.10.91.183,10.10.90.40
10.10.90.114,10.10.90.40
10.10.90.15,10.10.90.0
10.10.88.1,10.10.91.16
10.10.88.1,10.10.90.225
10.10.88.1,10.10.91.16
10.10.90.15,10.10.90.19
10.10.91.114,10.10.90.0
10.10.90.0,10.10.91.132
10.10.91.114,10.10.90.114
10.10.91.114,10.10.91.132
10.10.90.0,10.10.90.15
10.10.90.15,10.10.91.132
10.10.90.19,10.10.90.15
10.10.91.183,10.10.90.15
10.10.90.15,10.10.91.183
10.10.90.0,10.10.90.23
10.10.88.1,10.10.91.132
10.10.91.114,10.10.90.40
10.10.90.40,10.10.90.225
10.10.90.19,10.10.90.0
10.10.91.183,10.10.90.0
10.10.88.1,10.10.91.16
10.10.88.1,10.10.91.16
10.10.88.1,10.10.91.16
10.10.88.1,10.10.91.16
10.10.88.1,10.10.91.16
10.10.88.1,10.10.91.16
10.10.88.1,10.10.91.16
10.10.88.1,10.10.91.16
10.10.88.1,10.10.91.16
10.10.88.1,10.10.91.16
10.10.88.1,10.10.91.16
10.10.88.1,10.10.91.16
10.10.88.1,10.10.90.80
0.0.0.0,10.10.90.15
0.0.0.0,10.10.90.15
0.0.0.0,10.10.90.15
10.10.90.15,10.10.90.15
10.10.90.15,10.10.88.1
0.0.0.0,10.10.90.15
0.0.0.0,10.10.90.15
0.0.0.0,10.10.90.15
10.10.90.15,10.10.90.15
10.10.90.15,10.10.88.1
0.0.0.0,10.10.90.15
0.0.0.0,10.10.90.15
0.0.0.0,10.10.90.15
10.10.90.15,10.10.90.15
10.10.90.15,10.10.88.1
0.0.0.0,10.10.90.15
0.0.0.0,10.10.90.15
0.0.0.0,10.10.90.15
10.10.91.183,10.10.88.1
10.10.90.19,10.10.88.1
10.10.90.15,10.10.90.15
0.0.0.0,10.10.90.15
0.0.0.0,10.10.90.15
0.0.0.0,10.10.90.15
10.10.90.15,10.10.88.1
10.10.90.15,10.10.90.15
10.10.88.1,10.10.91.23
10.10.90.114,10.10.88.1
10.10.90.19,10.10.88.1
10.10.88.1,10.10.90.23
10.10.88.1,10.10.91.16
10.10.88.1,10.10.91.16
10.10.88.1,10.10.91.16
10.10.88.1,10.10.91.16
10.10.88.1,10.10.91.16
10.10.88.1,10.10.91.16
10.10.88.1,10.10.91.16
10.10.88.1,10.10.91.16
10.10.88.1,10.10.91.16
10.10.88.1,10.10.91.16
10.10.88.1,10.10.91.16
10.10.90.114,10.10.88.1
10.10.88.1,10.10.91.16
10.10.88.1,10.10.91.16
10.10.88.1,10.10.91.16
10.10.88.1,10.10.91.16
10.10.88.1,10.10.91.16
10.10.88.1,10.10.91.16
10.10.88.1,10.10.91.16
10.10.88.1,10.10.91.16
10.10.88.1,10.10.91.16
10.10.88.1,10.10.91.16
10.10.88.1,10.10.91.16
10.10.88.1,10.10.91.16
10.10.88.1,10.10.91.9
10.10.88.1,10.10.91.16
10.10.88.1,10.10.91.9
10.10.88.1,10.10.91.9
10.10.88.1,10.10.91.9
10.10.88.1,10.10.91.9
10.10.88.1,10.10.91.9
10.10.88.1,10.10.91.16
10.10.88.1,10.10.91.16
10.10.88.1,10.10.91.16
10.10.88.1,10.10.91.16
10.10.88.1,10.10.91.16
10.10.88.1,10.10.91.9
10.10.88.1,10.10.91.16
10.10.88.1,10.10.91.9
10.10.88.1,10.10.91.9
10.10.88.1,10.10.91.9
10.10.88.1,10.10.91.9
10.10.88.1,10.10.91.9
10.10.88.1,10.10.91.9
10.10.88.1,10.10.91.9
10.10.88.1,10.10.91.9
10.10.88.1,10.10.91.9
10.10.88.1,10.10.91.9
10.10.88.1,10.10.91.9
10.10.88.1,10.10.91.9
10.10.88.1,10.10.91.9
10.10.88.1,10.10.91.9
10.10.88.1,10.10.91.9
10.10.88.1,10.10.91.9
10.10.88.1,10.10.91.9
10.10.88.1,10.10.91.9
10.10.88.1,10.10.91.9
10.10.88.1,10.10.91.9
10.10.88.1,10.10.91.9
10.10.88.1,10.10.91.9
10.10.88.1,10.10.91.9
10.10.88.1,10.10.91.9
10.10.88.1,10.10.91.9
10.10.88.1,10.10.91.9
10.10.88.1,10.10.91.9
10.10.88.1,10.10.91.9
10.10.88.1,10.10.91.9
10.10.88.1,10.10.88.71
10.10.90.19,10.10.88.1
10.10.91.23,10.10.88.1
10.10.91.114,10.10.90.23
10.10.90.23,10.10.90.225
10.10.90.0,10.10.90.23
10.10.90.114,10.10.90.23
10.10.91.56,10.10.91.132
10.10.90.114,10.10.90.0
10.10.90.15,10.10.90.225
10.10.90.19,10.10.91.114
10.10.91.183,10.10.90.15
10.10.90.15,10.10.90.23
10.10.90.15,10.10.91.132
10.10.90.19,10.10.90.15
10.10.90.15,10.10.91.183
10.10.90.15,10.10.90.19
10.10.90.114,10.10.91.114
10.10.90.114,10.10.90.15
10.10.90.19,10.10.90.0
10.10.90.114,10.10.91.132
10.10.90.0,10.10.90.114
10.10.90.19,10.10.90.114
10.10.91.183,10.10.90.114
10.10.90.114,10.10.90.19
10.10.90.0,10.10.91.132
10.10.90.15,10.10.91.114
10.10.88.1,10.10.90.215
10.10.88.1,10.10.90.215
10.10.88.1,10.10.90.215
10.10.91.183,10.10.91.114
10.10.88.1,10.10.90.215
10.10.88.1,10.10.90.215
10.10.88.1,10.10.90.215
10.10.88.1,10.10.90.215
10.10.91.183,10.10.88.1
10.10.88.1,10.10.90.215
10.10.88.1,10.10.90.215
10.10.88.1,10.10.90.215
10.10.88.1,10.10.90.215
10.10.88.1,10.10.90.215
10.10.88.1,10.10.90.215
10.10.88.1,10.10.90.215
10.10.88.1,10.10.90.215
10.10.88.1,10.10.90.215
10.10.88.1,10.10.90.215
10.10.88.1,10.10.90.215
10.10.91.183,10.10.88.1
10.10.90.0,10.10.90.225
10.10.90.114,10.10.88.1
10.10.91.183,10.10.88.1
10.10.90.19,10.10.88.1
10.10.91.183,10.10.88.1
10.10.88.1,10.10.91.9
10.10.88.1,10.10.91.9
10.10.88.1,10.10.91.9
10.10.88.1,10.10.91.9
10.10.88.1,10.10.91.9
10.10.88.1,10.10.91.9
10.10.88.1,10.10.91.9
10.10.88.1,10.10.91.9
10.10.88.1,10.10.91.9
10.10.88.1,10.10.91.9
10.10.88.1,10.10.91.9