sender,target
192.168.1.1,192.168.1.103
192.168.1.1,192.168.1.103
192.168.1.1,192.168.1.103
192.168.1.111,192.168.1.104
192.168.1.1,192.168.1.104
192.168.1.111,192.168.1.104
192.168.1.1,192.168.1.103
192.168.1.1,192.168.1.103
192.168.1.1,192.168.1.103
192.168.1.111,192.168.1.104
192.168.1.111,192.168.1.104
192.168.1.1,192.168.1.103
192.168.1.1,192.168.1.103
192.168.1.1,192.168.1.103
192.168.1.1,192.168.1.103
192.168.1.1,192.168.1.103
192.168.1.1,192.168.1.103
192.168.1.111,192.168.1.104
192.168.1.1,192.168.1.104
192.168.1.111,192.168.1.104
192.168.1.111,192.168.1.104
192.168.1.111,192.168.1.104
192.168.1.1,192.168.1.104
192.168.1.111,192.168.1.104
192.168.1.111,192.168.1.104
192.168.1.111,192.168.1.104
192.168.1.111,192.168.1.104
192.168.1.1,192.168.1.104
192.168.1.111,192.168.1.104
192.168.1.111,192.168.1.104
192.168.1.111,192.168.1.104
192.168.1.1,192.168.1.104
192.168.1.111,192.168.1.104
192.168.1.1,192.168.1.105
192.168.1.105,192.168.1.1
192.168.1.105,192.168.1.1
192.168.1.111,192.168.1.104
192.168.1.111,192.168.1.104
192.168.1.105,192.168.1.1
192.168.1.111,192.168.1.104
192.168.1.1,192.168.1.104
192.168.1.1,192.168.1.102
192.168.1.111,192.168.1.104
192.168.1.105,192.168.1.1
192.168.1.105,192.168.1.1
192.168.1.105,192.168.1.1
192.168.1.111,192.168.1.104
192.168.1.105,192.168.1.1
192.168.1.105,192.168.1.1
192.168.1.105,192.168.1.1
192.168.1.105,192.168.1.1
192.168.1.111,192.168.1.104
192.168.1.1,192.168.1.104
192.168.1.111,192.168.1.104
192.168.1.111,192.168.1.104
192.168.1.111,192.168.1.104
192.168.1.111,192.168.1.104
192.168.1.1,192.168.1.104
192.168.1.111,192.168.1.104
192.168.1.111,192.168.1.104
192.168.1.111,192.168.1.104
192.168.1.111,192.168.1.104
